{
  "accuracy": 0.8,
  "f1": 0.75,
  "precision": 0.75,
  "recall": 0.75,
  "report": {
    "0": {
      "precision": 0.8333333333333334,
      "recall": 0.8333333333333334,
      "f1-score": 0.8333333333333334,
      "support": 6.0
    },
    "1": {
      "precision": 0.75,
      "recall": 0.75,
      "f1-score": 0.75,
      "support": 4.0
    },
    "accuracy": 0.8,
    "macro avg": {
      "precision": 0.7916666666666667,
      "recall": 0.7916666666666667,
      "f1-score": 0.7916666666666667,
      "support": 10.0
    },
    "weighted avg": {
      "precision": 0.8,
      "recall": 0.8,
      "f1-score": 0.8,
      "support": 10.0
    }
  }
}