{
  "accuracy": 0.9,
  "f1": 0.9090909090909091,
  "precision": 0.8333333333333334,
  "recall": 1.0,
  "report": {
    "0": {
      "precision": 1.0,
      "recall": 0.8,
      "f1-score": 0.8888888888888888,
      "support": 5.0
    },
    "1": {
      "precision": 0.8333333333333334,
      "recall": 1.0,
      "f1-score": 0.9090909090909091,
      "support": 5.0
    },
    "accuracy": 0.9,
    "macro avg": {
      "precision": 0.9166666666666667,
      "recall": 0.9,
      "f1-score": 0.898989898989899,
      "support": 10.0
    },
    "weighted avg": {
      "precision": 0.9166666666666667,
      "recall": 0.9,
      "f1-score": 0.898989898989899,
      "support": 10.0
    }
  }
}