rel_x,rel_y,rel_z,rel_roll,rel_pitch,rel_yaw,success
0.3435196876525879,-0.2745627760887146,0.863296389579773,2.680223015942722,0.099076603773374,-2.04869171045217,False
