rel_x,rel_y,rel_z,rel_roll,rel_pitch,rel_yaw,success
-0.7474067211151123,-0.5093359351158142,0.26335009932518005,1.9028321791502671,0.5401532407683861,2.3444740323175357,False
