rel_x,rel_y,rel_z,rel_roll,rel_pitch,rel_yaw,success
-0.8982203006744385,0.31284600496292114,0.28969690203666687,-1.4201849253701755,0.2956512825547084,-0.3351554897602827,False
