rel_x,rel_y,rel_z,rel_roll,rel_pitch,rel_yaw,success
0.060554683208465576,0.8286067843437195,0.5608042478561401,-0.84799484110891,0.5937522241189562,-1.6437467616044887,False
